TrendID,ProductGroupID,TrendName,Description,StartDate,EndDate,PopularityScore,Region,CustomerSegment,Notes
407,322,physical,Class red actually but doctor. Community result sit television. Your way international material.,2021-04-22,2024-05-23,46,Syrian Arab Republic,record,Positive prevent change.
180,146,option,Into each either live test. Toward outside role today someone which. Reflect term new.,2024-06-21,2024-04-09,12,Argentina,money,Political pretty instead enjoy.
377,159,pull,Food recent seat themselves none commercial rock. Case join wonder bank.,2023-10-07,2024-02-14,11,Poland,explain,Let interview if one local practice.
191,125,of,Movement one throughout west career. Cold question black consider instead. Follow set agent ask.,2022-11-27,2024-05-07,19,Gabon,increase,Scientist bill often list.
62,500,around,Away ask reason price skill name. Way push part ground. Occur business front thing reveal.,2022-01-21,2024-07-09,83,Morocco,rest,Shake minute officer huge treatment chance.
172,279,loss,Hundred set agency manage me series season college. Hard prevent early however.,2020-03-25,2024-02-13,24,Macedonia,nothing,Again much door brother son check heart role.
386,449,war,Sea one probably medical. Quickly major interview agree.,2022-12-05,2024-06-22,89,Mozambique,several,It science reality statement sometimes seven.
277,367,pretty,Most simple care he. Best minute thank born benefit.,2020-08-26,2024-04-07,68,Maldives,wife,Total your family money.
47,245,person,Indeed health off program partner trial ever. Movie feel true training.,2020-04-28,2024-06-29,62,Saint Lucia,traditional,Study type development.
11,3,long,Leave expert body be color. Customer quickly number during former.,2023-12-23,2024-02-27,64,Austria,world,House civil product rate.
262,238,performance,"Peace single hair.
Effect ready between small particular. Far vote industry. Black owner boy wind.",2022-01-06,2024-02-12,42,United States Virgin Islands,lose,Produce gun fight arrive. On board phone current.
14,356,week,Call today make wear civil. Number assume wife southern official floor.,2020-08-11,2024-04-22,26,Suriname,stock,Game probably free positive president.
378,355,everything,"Score tree yet could hour help ready.
Hundred letter role century it.",2023-02-16,2024-04-29,5,Slovakia (Slovak Republic),this,Matter attention debate eight tough.
144,496,yet,Respond name best me security. Their media with join.,2021-01-27,2024-04-22,81,Rwanda,eight,National southern cultural able someone agree.
1,334,father,Least then six all. Can ok since threat seek. Give interview type doctor although around.,2023-01-11,2024-04-02,67,Taiwan,in,Degree who large occur cost.
90,466,sound,Political social politics service too. Investment fly cultural. City language almost special.,2020-12-27,2024-03-10,40,Macao,us,Quite contain yourself deal where center PM.
433,329,ready,Camera society leader kitchen. The push lay start.,2021-10-05,2024-04-30,43,Hong Kong,anyone,She amount ability movie.
394,214,thought,Imagine threat discover. Cover my stuff discussion family example white next.,2022-03-13,2024-01-11,47,Isle of Man,follow,Speech late table.
415,494,everybody,Customer skill trial husband they him event. Anything know clearly friend technology son.,2021-11-05,2024-06-04,46,United States Virgin Islands,me,Less old way enjoy.
428,434,executive,Every structure serve less form remember. Piece remain week whether rest several.,2021-11-11,2024-02-25,76,France,past,Operation later pay car term.
232,311,task,Away man community girl. Hospital international you career similar give hold.,2021-09-30,2024-01-02,18,Kiribati,detail,Soon dark way country. Hold late director always.
139,22,bring,Expert risk able. Such address wide involve a. He beyond event should fall writer.,2021-10-27,2024-02-09,86,Germany,mention,Remember eat arm debate bed open.
115,9,raise,"Value and science threat.
At option local pattern. Reveal senior test lawyer treat measure good.",2024-02-12,2024-04-25,58,Poland,want,Why race your. System world moment project.
468,174,moment,Break they media provide. Then into once if. Eight cell other.,2021-01-26,2024-05-03,75,Italy,why,Admit fish among fund leave husband.
177,42,personal,Study operation anything behind law color north. Each stand benefit probably sport item raise.,2023-01-31,2024-01-17,38,Libyan Arab Jamahiriya,child,Yard new minute data. Of late grow its door this.
265,300,number,"Care draw issue consumer point.
Air seem stand as. Trade always history husband.",2020-01-07,2024-05-07,64,Suriname,whether,North share short describe exist morning like.
63,482,station,Program garden party. Task rest life possible fly really.,2024-05-19,2024-04-18,65,Tuvalu,art,World sense parent agree alone.
435,94,focus,Style risk low work little the work. Very dream mouth.,2020-11-27,2024-06-10,44,Malaysia,identify,Sell back resource according police.
147,65,action,Capital star sit among. Soldier remember single.,2023-09-28,2024-02-19,2,Tokelau,what,Believe hot eat black movement.
390,391,factor,Find in common anyone plant everybody organization. Carry state likely find free run seven.,2020-10-23,2024-07-10,89,Puerto Rico,amount,Game student unit player office.
141,455,else,Professor easy purpose arm require. Property bad yes operation ability.,2022-04-18,2024-03-14,51,Puerto Rico,simple,Least benefit probably.
20,330,send,Mind rate another it church. Analysis computer drop close others mind.,2023-12-28,2024-03-23,72,Saint Barthelemy,writer,Indeed each think power edge.
38,214,product,Try the doctor your. Significant baby wind position group.,2022-08-28,2024-05-27,14,Ghana,work,Country child building hold job ball.
122,88,wall,Throughout career nature study thousand safe growth. Into pick evidence rich high entire example.,2022-07-22,2024-02-14,24,Zambia,national,Assume remember amount.
425,169,story,Sister change expect hope area degree. Issue feeling hold why full what.,2023-09-28,2024-05-19,44,British Indian Ocean Territory (Chagos Archipelago),team,Enjoy when tax speak.
37,140,threat,Your manager discover spend politics event.,2024-06-10,2024-06-28,39,Gabon,night,Last party service consumer senior hear.
306,466,up,Day major benefit establish.,2021-01-06,2024-04-16,21,Nauru,religious,Building cultural sort eat thus.
25,396,fall,Law but consumer.,2024-04-17,2024-07-10,43,Rwanda,recently,Big quite admit woman team police industry.
268,257,those,Public range knowledge form door lose sea officer. Big policy southern could woman standard.,2021-11-03,2024-06-20,71,Peru,suddenly,Eight but public remember produce assume.
364,242,paper,Until your activity sea study all. Season left security experience go seat save.,2022-04-16,2024-05-24,2,French Southern Territories,television,Often always end management true south.
444,422,they,Baby smile win good. Husband smile during single forward house administration her.,2022-01-12,2024-05-05,4,Cambodia,and,Half father base large. Practice play short ten.
260,367,east,Base among vote maybe. Reduce word follow her. Part together more article after.,2023-01-06,2024-01-20,14,Philippines,data,Approach billion contain growth themselves.
204,486,else,At hard lot couple. Meet such road generation interesting evening.,2020-06-20,2024-03-14,78,Malawi,idea,Opportunity affect skin attention pick newspaper.
267,131,Republican,Exactly end story cause hand throughout.,2023-11-23,2024-02-01,16,Montserrat,Democrat,Better look clear capital.
138,148,hard,Part military type kind gas start especially party. Similar series it money pass sense stage one.,2024-04-12,2024-03-11,34,Armenia,experience,Money up control indeed its during.
318,441,positive,Commercial toward manage trade song.,2023-09-29,2024-02-17,66,Georgia,heart,Effort call on discussion discuss prevent.
310,437,air,"Smile serve pull. Loss card let data just too person.
State which traditional mind.",2021-01-01,2024-02-11,35,Uganda,word,War natural forget.
71,51,sell,A rather white whom. Role result computer entire sea. Southern draw share box appear why leader.,2023-04-03,2024-04-25,76,Aruba,usually,Score hold team. About whom around.
467,369,ten,Reach western law pull her inside still television. Dream contain speech certain particular.,2020-04-30,2024-07-08,77,Liberia,she,Kind thus here mouth.
432,487,maintain,Skin travel two include executive. Design travel strong front rise.,2023-12-08,2024-04-16,90,Taiwan,drop,Never fact truth make probably.
213,497,pay,Recent land fear money as yes stuff. Special memory participant real name rate office.,2020-08-23,2024-06-20,2,Belgium,budget,Memory maintain create someone.
340,363,manager,"Ten professional best chance onto method.
Remember sort old heavy now.",2023-11-05,2024-02-21,18,Rwanda,president,Federal analysis sister explain court.
298,353,personal,Series thousand story stay real market. Prove between former worry instead.,2020-10-12,2024-03-21,91,Colombia,outside,Have end several wrong recent.
418,45,Mr,Simple special office attention media purpose. Drug of second perhaps.,2021-12-14,2024-01-26,26,Panama,him,Treatment test effect must dark assume.
445,368,week,Model television through just or keep traditional. Go early look. Single again it budget short.,2020-01-06,2024-07-10,63,Indonesia,why,Anyone see citizen cost.
389,350,book,Maintain perhaps ago specific work. White exactly there rather husband plan.,2020-05-25,2024-02-17,18,Guadeloupe,bit,Least behind office action and.
136,174,event,Partner hotel agent. Center traditional firm off test article serious.,2020-03-07,2024-05-28,94,Macedonia,end,Break away time key result weight long strategy.
17,125,compare,Interest decision discuss wear degree. Yeah window finally though.,2023-11-24,2024-04-10,13,Botswana,discuss,But kid traditional baby suggest.
448,304,kid,Until charge catch compare group career opportunity. White all can media.,2020-02-10,2024-02-10,70,Hungary,much,Adult protect less always in card.
223,108,watch,Protect capital book you loss. Debate fine show despite week. Community live mouth.,2021-06-20,2024-04-22,79,Togo,south,Those choose now anything or participant.
331,461,religious,Skin support grow to author. Section plan walk sense list us.,2021-05-25,2024-05-08,6,Mexico,movement,Light hundred as in affect available.
216,8,price,Of only family support you vote. Model specific safe indicate any.,2022-11-25,2024-06-24,13,Malawi,article,Myself explain because before different war.
224,149,trade,Draw color rest certainly go green ten opportunity. Party site nation ground author standard.,2020-11-01,2024-03-03,64,Cyprus,safe,Should control traditional former.
462,26,two,Various truth on best particular at speech particularly. Reason drive least read.,2020-08-30,2024-04-06,24,Myanmar,rest,Special hard generation.
427,438,miss,Talk we hot throughout rock article. Better into middle so. Control bring town decade technology.,2023-02-23,2024-02-25,76,Timor-Leste,material,Could possible structure adult smile.
198,205,while,Him federal thank start life. Foot study field pass.,2023-12-03,2024-07-06,37,Svalbard & Jan Mayen Islands,concern,Policy policy shake from toward letter.
383,154,participant,Party address ago.,2020-09-12,2024-07-02,79,Heard Island and McDonald Islands,end,Rather guess article television.
381,149,nice,Fund provide continue customer. Even smile according magazine action beyond idea.,2020-08-04,2024-01-25,53,Gambia,again,Rest bit soon. Next here away lead front weight.
469,465,water,See firm member her explain interview. Capital food plant recognize arm night picture quickly.,2022-11-18,2024-05-10,24,Seychelles,because,World food kid main. Fly would unit base worry.
110,96,report,Feel truth deal home outside kid attack long.,2022-05-24,2024-03-24,66,Armenia,tree,Lay late history push store loss.
121,312,concern,Level him ready better. Experience service hear.,2020-11-16,2024-02-22,66,Pakistan,land,Wear leave skill book. Other happy matter ball.
419,372,country,Then may high second picture test method pull. Into expert knowledge life wish southern.,2021-05-13,2024-02-05,64,Puerto Rico,similar,Six instead among effect.
158,159,pay,Choose teacher hand lay. There natural option prove trade fast.,2022-10-09,2024-01-05,58,Sao Tome and Principe,total,Air once purpose indeed growth hotel fear.
288,311,method,Able thought cut. Produce determine before according follow. Fine claim good between.,2023-11-08,2024-03-07,25,Nauru,baby,Together reflect see people notice raise.
84,486,region,Answer question doctor. Room item wall nice week support resource wish.,2020-05-02,2024-05-04,99,Papua New Guinea,hope,Particularly join sport low well.
190,98,civil,Owner son card. Yet help lose information tree know.,2020-01-16,2024-03-18,69,Georgia,establish,Under I movie American.
446,146,executive,Live away strong they. Foreign size hand hair simple answer. Add wall drop authority two Mr dream.,2020-06-15,2024-04-27,66,Sweden,specific,Student case necessary despite race us positive.
296,330,maybe,Data ground item. Discover lose song main language could. Own law especially wrong local list.,2020-02-17,2024-06-27,83,Cambodia,give,From difference opportunity assume.
408,9,general,Region child teacher hour red father. Congress learn cell speak least mind forget.,2021-09-12,2024-03-24,48,Costa Rica,a,Smile direction take drug.
263,205,line,Every wonder drive however. Several lay open her.,2020-08-13,2024-07-07,10,British Indian Ocean Territory (Chagos Archipelago),budget,Nothing provide do message. Six be most young.
399,19,society,"Partner share theory air audience lay.
Season statement risk teacher back.",2020-03-14,2024-05-17,2,Singapore,wind,Education street culture save address.
247,9,son,Kitchen production speak charge center court.,2021-05-25,2024-03-08,2,Seychelles,hair,Pattern top deal data together able find leave.
454,475,side,Century beat would amount figure act natural. Early how pull ask thus argue.,2023-05-07,2024-06-15,28,Namibia,own,End individual word area.
458,270,knowledge,Meet project quality dog speech food. Industry everybody tax back.,2020-04-07,2024-03-31,76,Saint Lucia,air,Main partner example.
189,23,natural,Easy word task a center kitchen ten. Player throughout business cover play new want.,2024-02-20,2024-03-02,76,Ireland,structure,What subject bring him.
39,304,million,"Our do might agreement.
Remain year according your message when. North decade trip take.",2023-12-24,2024-06-20,14,Jordan,could,Movement along same bar team short.
207,51,place,Expect wife goal their hospital response. Area light Mr yourself decide present.,2022-09-19,2024-07-08,66,Chad,air,Evidence structure say commercial bank within.
339,81,city,Form down itself along plant think history. Travel record cell name claim him mission else.,2023-08-05,2024-01-16,79,Micronesia,soldier,Song candidate reality fire present.
484,57,yes,Phone deal we particular wide. Happy wife out power hope though. Radio area catch cultural.,2020-11-25,2024-05-23,15,Turks and Caicos Islands,opportunity,Board let from police way group apply.
52,131,international,Pick large stand a ago wide look life. Paper hit commercial just common least focus partner.,2022-02-09,2024-06-04,81,Eritrea,week,Help should cell address either use.
27,356,smile,"Know serious property ground husband.
Ready inside agree point. Hair season myself father prevent.",2022-01-22,2024-02-12,7,Lithuania,ground,Glass go defense down but walk who almost.
185,379,garden,Pm finally election lose. Art age everything position.,2021-10-20,2024-04-10,89,Azerbaijan,those,Either shake vote reality.
203,96,room,Bill team example true author. Hand each music. Strategy rich usually should Democrat.,2022-06-13,2024-04-21,39,Palestinian Territory,product,Fund listen according television buy.
32,466,record,Opportunity weight which employee. Draw design health to five. Section since chance base pass off.,2021-07-07,2024-05-24,76,Marshall Islands,cost,Baby quickly real can though development change.
345,74,customer,Buy resource because reality public officer hear or. He movement five enter same.,2020-06-18,2024-06-24,60,Sao Tome and Principe,economic,Almost address hear summer perhaps network about.
10,244,number,More design buy instead. Contain nice before expert baby even return. Step positive simple prepare.,2020-08-09,2024-04-15,23,Kenya,place,Science clearly star.
332,291,anyone,Only development body day town. Early simply follow camera.,2023-08-24,2024-04-08,79,Tanzania,strategy,Keep certainly agency rise at.
59,396,keep,Century his daughter nature. Adult nor this media budget military.,2023-07-07,2024-04-29,18,Jamaica,seven,Key boy other class yes rather.
417,67,realize,Nearly actually receive story. Theory first over of. Hospital class cell hot suffer never rest.,2020-07-24,2024-05-24,50,Montenegro,fire,Special once anything very seem.
492,283,situation,World how appear race soon talk respond public. Term skill want alone. Wide wife set bag.,2022-12-14,2024-01-17,22,Slovenia,kitchen,Analysis event debate prevent machine town.
249,8,contain,Part that room which rich ground agreement.,2021-03-08,2024-01-20,8,Brunei Darussalam,such,Training strong plant.
107,133,guy,Opportunity brother job. Bag choose piece address. View method nation state likely back great.,2022-12-31,2024-01-27,62,British Indian Ocean Territory (Chagos Archipelago),factor,Maintain throw edge development tonight tonight.
236,460,public,Garden within test service. Cause point against record coach.,2020-10-11,2024-02-22,74,Mayotte,outside,Fly American professional share.
68,385,easy,Into wait give job. Information various knowledge floor test message car.,2021-04-07,2024-03-14,59,Christmas Island,campaign,Dog card century wait thing along.
82,341,career,Daughter for girl even plant former through. Source can either member class system.,2021-04-25,2024-02-03,49,Djibouti,culture,Trial partner whose consumer finish word most.
314,438,indeed,"Leg fire purpose.
Buy reveal provide behavior again. Region pretty official I.",2021-03-19,2024-04-08,71,Mongolia,film,Coach woman item final assume home.
168,245,task,Nation product short home understand accept sound. Street too pass member test.,2023-04-08,2024-07-06,74,Italy,its,Individual strong politics.
157,8,bag,Worry letter song week no. Federal product cultural just.,2021-02-01,2024-03-29,55,American Samoa,beautiful,Radio employee she performance budget miss.
113,486,add,Great organization instead experience ask market long.,2023-06-24,2024-01-23,24,Zambia,help,Ground spring we point for agency.
97,497,ever,You attack animal decision standard. Structure worker day wife growth be. Itself hand leave.,2021-08-13,2024-05-13,81,Singapore,continue,Similar type audience when.
321,437,what,Star play civil environmental. Science free peace young by bag baby build.,2022-08-21,2024-03-11,9,Congo,against,Rich remain couple Congress budget off.
392,173,girl,Blue five lose loss focus. Manager describe point human defense better answer.,2023-02-06,2024-01-03,36,Saint Helena,bag,Event machine someone office.
221,487,space,Direction likely power still. Others center former.,2022-10-09,2024-05-20,53,Zimbabwe,couple,Throw officer option radio respond region me.
470,289,practice,Experience series risk. Employee car drug speak present total.,2021-09-06,2024-06-21,27,Martinique,stay,Policy fish husband ball.
317,104,kid,Authority two meeting. Cold play brother benefit here. Man role not hair certainly present.,2024-03-09,2024-03-14,77,Hungary,always,Audience oil indeed character.
421,18,remain,Skill last society about.,2020-06-25,2024-02-12,33,Saint Barthelemy,provide,Site trip admit.
226,452,especially,Sell wait unit middle soon ago financial often. Draw model concern back successful friend save.,2021-10-19,2024-01-03,72,Zimbabwe,vote,Consider write arm world.
297,478,side,Campaign American few admit. Thought very become gas. Series five million style.,2023-11-25,2024-02-18,44,Cook Islands,often,Agree staff tax interest her.
150,243,crime,Rule action game recently them. Enough probably plant walk score local president.,2023-02-21,2024-01-11,18,Timor-Leste,follow,Simple open now attack. News tree out behind.
491,26,may,Defense party wall no this citizen. Likely despite turn city economy may.,2023-12-24,2024-04-13,4,Montserrat,budget,Near concern couple best radio me daughter.
50,368,phone,Try ability wait discussion end stage door. Manager seven them official. Under take main face.,2022-10-27,2024-05-19,15,Ukraine,somebody,True themselves travel open.
12,311,game,Once religious support where line. Red share main research both.,2021-10-01,2024-01-21,9,Guinea-Bissau,try,With kitchen admit us.
357,149,so,Movie remember ask idea. Others home age our from.,2023-07-16,2024-02-03,39,Georgia,still,Box some call parent.
299,264,rock,South certain over kind marriage. Such its never might attention. Say traditional threat attack.,2020-12-10,2024-02-29,42,Saudi Arabia,out,Smile go accept.
118,293,school,Price office sell contain her have country. Tv government network area street data.,2023-02-16,2024-04-14,15,Sudan,group,Represent get tonight structure agree anyone.
194,455,less,Dark inside friend admit. As what south report close. Authority same line power.,2020-08-10,2024-02-20,47,Guernsey,sometimes,Edge old doctor reach.
193,322,day,Collection respond when top. Agreement require learn weight true be source.,2020-05-24,2024-03-15,99,Isle of Man,teach,Page by month avoid reason move.
111,437,risk,Nature recently together open police day several. System true produce build.,2023-05-01,2024-02-05,45,American Samoa,Republican,Toward himself which try.
237,243,worry,They want teach film return wife yeah easy. Floor bring serve rather form sit away gun.,2024-07-06,2024-05-11,66,Tanzania,wife,More tough pass customer. Fight maintain memory.
305,365,suggest,Candidate nature seven quickly exist east. Light thing include memory child result.,2021-02-19,2024-05-11,1,Trinidad and Tobago,hotel,Beyond fire rate official.
215,156,action,Success consider him for very help. Approach message take apply. Piece maintain ok color high.,2023-02-12,2024-04-26,72,San Marino,want,Find prepare east resource term.
276,329,administration,Place operation population plant family deep data. Attack who indeed feel.,2024-06-29,2024-04-17,36,Costa Rica,lawyer,Coach mission east admit ask. Occur oil tell.
240,166,still,Focus hour young indeed. System today within.,2022-09-16,2024-03-16,48,Turks and Caicos Islands,medical,We fill determine realize.
188,44,already,Sing research popular left wait think expert energy. Husband a sound party successful war.,2024-03-06,2024-04-12,99,Poland,feeling,Around option door respond this each.
463,294,almost,Attorney once level life property garden exist since. Piece walk skill assume behavior.,2022-02-27,2024-03-09,49,Bolivia,measure,Purpose stand travel little both.
274,95,south,Common always once difference. Become Mrs second worry amount television election senior.,2021-12-26,2024-05-01,3,Paraguay,always,Many know various media number.
284,283,budget,Nor whom consider rule. Exactly pick some system according chair.,2023-07-08,2024-01-29,86,Saint Martin,low,Suggest black fire focus. Where edge create.
359,91,option,North rock short international whether law. Turn challenge begin husband. Serve focus picture ago.,2023-06-25,2024-01-27,9,Puerto Rico,far,Light always very throw rather.
281,372,instead,Air less person. Kitchen herself however laugh. Race media debate born physical.,2022-11-09,2024-04-25,57,British Indian Ocean Territory (Chagos Archipelago),less,Discuss animal president fear box front boy.
401,301,opportunity,Small build light rate. Red father chance read radio. Alone contain senior force especially.,2021-03-03,2024-02-22,29,Saint Barthelemy,sometimes,Throughout turn concern list unit down lose.
253,197,character,"Body hit expert positive system.
Community age well mind often. Market year along day.",2022-03-28,2024-02-04,25,Benin,door,Share policy nature gun put. Mention vote decide.
246,26,pull,Away figure both energy enter woman. Activity while free guy.,2023-04-30,2024-04-17,8,Niue,hundred,Conference image entire agent raise.
402,312,suggest,Audience kid soon. Recognize take put big former state.,2020-07-20,2024-03-09,22,Portugal,happen,North next yourself final after total.
443,319,argue,Note base someone drop.,2023-05-06,2024-06-20,16,Saint Barthelemy,structure,Doctor move month until simply always cultural.
56,348,pressure,Table method else player rather rather. Four value total situation.,2022-03-20,2024-03-03,35,Indonesia,expect,Executive possible service early those some.
254,96,after,Couple particular issue we. Cause just begin under establish third common. Management keep key.,2020-04-18,2024-02-13,91,Israel,company,Start evidence bring skill tell.
16,64,store,Common certain source moment. North show deep summer. Fund size generation begin.,2020-03-03,2024-01-04,60,Saint Vincent and the Grenadines,inside,Relate away program.
393,465,young,Page goal second matter see. Alone brother interesting there mother. Mission yard myself.,2022-08-19,2024-03-06,2,Madagascar,attorney,Political four exactly role care treat picture.
217,316,indicate,Main quickly knowledge assume professional read section. Weight later although return.,2021-09-23,2024-04-28,48,Antigua and Barbuda,respond,By business the rich range although.
493,169,he,Very I realize summer authority. Star only human late despite since.,2022-02-25,2024-01-29,54,Lao People's Democratic Republic,property,Thus use oil when performance issue just.
142,95,first,Agency watch occur. More in thought subject. Many several ready word.,2022-12-16,2024-04-16,15,Chile,forward,Gun skin color seven deal.
192,329,before,Onto mean material black. Result foot body data. Figure wife case be these put certain.,2021-01-18,2024-02-21,97,Dominica,full,Different decade quality support brother little.
286,301,range,Establish century able do. Maybe place response forward executive story particular.,2021-03-22,2024-01-03,47,Lithuania,long,Second try special investment set.
388,271,machine,Include meet sea hour safe. Life food let find southern still.,2022-03-05,2024-01-21,85,India,enjoy,Green financial job whose nothing.
374,434,economic,Meet along key teach pass Mrs. Grow never rich green none.,2020-01-31,2024-02-27,26,Comoros,test,Success floor house involve.
60,9,within,After shake side wrong show avoid money staff.,2020-09-11,2024-06-18,3,Saudi Arabia,common,Much leg beautiful political defense of.
137,125,way,"Raise leader game necessary lay challenge huge.
Adult reason economic part performance grow.",2021-05-26,2024-06-23,1,British Indian Ocean Territory (Chagos Archipelago),response,Left with role. Kitchen four clear near.
459,126,positive,Trip hair action majority water. Discuss way debate never. Early weight option worry.,2023-11-06,2024-06-29,8,Pakistan,so,Carry difference professor remember.
235,81,small,Employee guess receive artist find week. Thing provide knowledge.,2023-08-09,2024-02-06,49,Mali,without,Little late nearly example article.
431,42,information,Fire need staff. Former lead friend manager blood everyone. None week again become decide.,2020-04-13,2024-01-07,51,Jamaica,service,Kid stock create kind industry southern part.
49,266,general,Support industry him how. Father hair interest lay.,2023-07-12,2024-01-09,14,Uzbekistan,goal,Continue station rate range response suffer.
155,354,huge,You indeed year interest point under. State than turn activity. Sit long set challenge.,2021-12-30,2024-03-11,90,Afghanistan,will,Science stage must where officer accept body.
4,498,water,Popular south know cost imagine listen past theory. People argue mouth attention fear guess.,2021-03-06,2024-03-29,52,Thailand,large,Reveal environment feel case.
376,146,level,Picture wrong remain try join. Do letter require while total western.,2020-05-26,2024-03-26,41,United States Minor Outlying Islands,with,Draw air before mouth car become car.
24,294,area,Accept door once finish. Face night her easy public. Decade rather many.,2023-12-14,2024-06-15,5,Burkina Faso,book,Large memory mention full listen mention.
212,373,arm,Series name room public how suddenly community.,2021-03-28,2024-03-05,76,Saint Martin,president,Section land concern week.
285,23,person,Page practice pressure market senior according reality. Newspaper scene agent new style thank.,2023-11-03,2024-02-13,16,Mali,when,Thought commercial good picture.
30,26,manager,Paper game military drop attention think whatever together. Show over argue door choose.,2023-04-18,2024-06-12,84,Yemen,western,Old majority feeling or.
143,145,support,Set want within me kind. Ever police measure three.,2022-05-09,2024-01-27,21,Portugal,responsibility,Court phone color including community.
61,439,pattern,Actually law term direction best lay up poor. Series voice add under.,2023-12-25,2024-01-03,18,New Caledonia,on,Defense may truth turn gas.
336,487,west,South page defense each people third. Where wear ago structure teacher green.,2021-08-01,2024-06-28,93,Kazakhstan,century,Contain service responsibility.
153,36,hit,While authority fish writer school price development.,2021-01-29,2024-04-14,6,Gambia,hand,Six ago card yard water shake.
54,411,management,Investment specific himself growth off. Film improve none woman as pull. Decision civil response.,2023-08-05,2024-06-26,21,Chile,section,No lay law anything head American their.
186,18,people,Base show where wide single play small. Particularly what put population foot long.,2023-07-16,2024-06-07,22,Mauritius,somebody,Central by cost herself late.
201,395,why,Pretty star nothing someone. Body cause lot upon important together. Relate home claim choice sea.,2023-02-23,2024-02-23,7,Togo,create,Professor all rock put experience two.
120,64,upon,Travel high country southern loss. Poor American partner Mrs sing answer make.,2024-02-04,2024-07-05,93,Turkey,outside,Few agreement college building happen.
335,403,after,Leave where rich new choose actually. Focus next show its bring whatever news model.,2021-12-26,2024-06-29,85,Namibia,case,Throw travel list.
40,18,sport,Trade various air mother state tax when.,2024-03-30,2024-02-28,52,Djibouti,this,Statement reveal amount.
451,372,responsibility,Property growth carry already enjoy. Nature cause yes response.,2023-09-03,2024-06-26,66,Greenland,though,Drop air movie hair. Food whom personal call.
116,74,safe,Weight might score.,2021-01-01,2024-04-02,96,Pitcairn Islands,religious,Total tax win. Necessary chance he sort ago trip.
93,439,message,Program billion fire meet visit no.,2022-06-09,2024-05-10,13,Holy See (Vatican City State),industry,According important without dream far four mean.
15,301,development,House major eye because while because similar floor. Reason state south book.,2022-09-01,2024-02-10,96,Brunei Darussalam,science,Nice air successful card investment rest.
410,348,dream,It too everybody that under. Career long offer one miss movie Mr business.,2020-11-20,2024-06-16,13,Belgium,else,Day movie discussion employee source few black.
273,404,really,Pass cold word evidence. But fire radio voice.,2020-04-07,2024-01-05,45,Brunei Darussalam,medical,Husband must save above create.
135,33,opportunity,Model authority energy not drug series new enjoy.,2023-05-11,2024-04-23,26,Saudi Arabia,popular,Such fill develop trouble.
196,304,state,"Past above as foot up season fish.
Side occur although what place itself.",2022-03-05,2024-05-29,70,Sudan,firm,Message certain myself nothing traditional.
282,391,focus,Professional treatment always that five. Inside while stop movie focus three sense lawyer.,2022-05-25,2024-02-11,66,Northern Mariana Islands,enjoy,Sense whose pass research.
483,396,third,Congress simply trade buy human general. Sometimes response city home commercial become.,2023-10-03,2024-06-14,22,Colombia,new,Operation term hit money.
328,348,country,Bad standard opportunity decide. Report government others vote list kid again stand.,2023-10-15,2024-03-27,97,Georgia,win,Natural hot staff describe less writer.
278,222,continue,Detail nearly expect system red price. Mrs kid coach education.,2022-07-29,2024-03-22,80,Kiribati,whether,That position business.
134,238,blood,Break structure military chance.,2023-12-25,2024-06-25,94,Poland,most,Difference meeting civil continue building.
77,214,whatever,Kitchen reach magazine attack type treat maybe. Choice play good five.,2022-05-21,2024-03-22,18,Congo,enter,Begin their anything two.
69,252,although,Seek claim teacher among herself. Apply economy along character mother clear mind activity.,2024-03-30,2024-03-02,2,Bulgaria,large,End take back amount strategy. Fall it and us.
397,373,action,Which sport network so sense model door. Network add mouth.,2020-10-14,2024-06-06,22,Fiji,phone,Happy training many candidate.
485,13,word,Win story memory hair or every.,2020-02-16,2024-04-20,24,Sweden,green,Remain seem television unit.
442,438,significant,Something career time buy politics. Work generation soon prove far. Top soldier adult simply help.,2021-11-29,2024-04-26,72,Croatia,whether,Describe goal student note follow.
481,229,animal,Trial main between happy training. Serious hair beat floor.,2020-11-29,2024-06-24,78,Nicaragua,three,Pm add science much measure.
333,148,accept,Tax plant under instead red stuff. Attention across glass cover travel start our west.,2023-02-04,2024-01-14,30,Bulgaria,specific,She thousand enough subject within loss.
99,498,wind,Like job type gun brother evening. Final relate a home least.,2021-08-04,2024-05-22,42,Tunisia,voice,Language authority tonight one leave realize arm.
258,384,much,Instead full against follow. Yes third history between view have clear mean.,2021-04-09,2024-02-08,27,Malawi,without,Pm computer grow sea for local.
